shirt_name,business_name,business_type,town,state,price_usd,price_max_usd,sold_on_shirtmap,listing_url,updated
GABC Logo Tee,The Great Alaskan Bowl Company,Retail,Fairbanks,AK,35.00,,false,https://shirtmap.com/shirts/gabc-logo-tee,2026-07-27
Alaska Robotics Logo - Adult T-Shirt,Alaska Robotics,Retail,Juneau,AK,25.00,,false,https://shirtmap.com/shirts/alaska-robotics-logo-adult-t-shirt,2026-07-27
I AM Smiling - Adult Sized Tee (Black),Alaska Raptor Center,Tourism / Local Attraction,Sitka,AK,25.00,,false,https://shirtmap.com/shirts/i-am-smiling-adult-sized-tee-black,2026-08-03
Good Days Shirt,Seeds Coffee Co,Coffee Shop,Birmingham,AL,32.00,,false,https://shirtmap.com/shirts/good-days-shirt,2026-08-03
Good People Logo T-Shirt,Good People Brewing Company,Brewery / Bar,Birmingham,AL,25.00,,false,https://shirtmap.com/shirts/good-people-logo-t-shirt,2026-08-17
Pelican Sunset Short Sleeve,The Fairhope Store,Retail,Fairhope,AL,30.00,,false,https://shirtmap.com/shirts/pelican-sunset-short-sleeve,2026-08-03
Snail Storefront Shirt,The Snail on the Wall,Retail,Huntsville,AL,25.00,,false,https://shirtmap.com/shirts/snail-storefront-shirt,2026-08-03
Dreamland Slogan T-Shirt,Dreamland BBQ,Restaurant / Food & Drink,Tuscaloosa,Alabama,29.99,,false,https://shirtmap.com/shirts/retro-bad-to-the-bone-t-shirt,2026-06-19
North Pole Coffee College Tee,North Pole Coffee Roasting Company,Coffee Shop,Fairbanks,Alaska,26.00,,false,https://shirtmap.com/shirts/north-pole-coffee-college-tee,2026-06-19
Gar Hole Records Logo T-Shirt,Gar Hole Records,Retail,Fayetteville,AR,25.00,,false,https://shirtmap.com/shirts/gar-hole-records-logo-t-shirt,2026-07-27
LOST T-Shirt,Lost Forty Brewing,Brewery / Bar,Little Rock,AR,30.00,,false,https://shirtmap.com/shirts/lost-t-shirt,2026-08-17
Just Doyenne It Classic Tee (Heather Grey),Onyx Coffee Lab,Coffee Shop,Rogers,AR,25.00,,false,https://shirtmap.com/shirts/just-doyenne-it-classic-tee-heather-grey,2026-07-27
State 48 Skull Tee,Four Peaks Brewing,Brewery / Bar,Tempe,Arizona,32.00,,false,https://shirtmap.com/shirts/state-48-skull-tee,2026-06-19
SanTan Spirits T-Shirt,SanTan Brewing Company,Brewery / Bar,Chandler,AZ,22.00,,false,https://shirtmap.com/shirts/santan-spirits-t-shirt,2026-08-17
Flagstaff Climbing Unisex Jersey Tee - Limestone,Flagstaff Climbing,Gym / Fitness,Flagstaff,AZ,29.99,,false,https://shirtmap.com/shirts/flagstaff-climbing-unisex-jersey-tee-limestone,2026-07-27
Unisex Athletic Tee,Mother Road Brewing Company,Brewery / Bar,Flagstaff,AZ,30.00,,false,https://shirtmap.com/shirts/unisex-athletic-tee,2026-08-17
Cactus Metal Tee,Arizona Wilderness Brewing Co.,Brewery / Bar,Gilbert,AZ,25.00,,false,https://shirtmap.com/shirts/cactus-metal-tee,2026-08-17
Changing Hands First Draft Book Bar T-Shirts,Changing Hands Bookstore,Bookshop,Phoenix,AZ,28.95,,false,https://shirtmap.com/shirts/changing-hands-first-draft-book-bar-t-shirts,2026-08-03
Fair Wheel Bikes Shootout T-Shirt,Fair Wheel Bikes,Retail,Tucson,AZ,25.00,,false,https://shirtmap.com/shirts/fair-wheel-bikes-shootout-t-shirt,2026-07-27
Natural Habitat Grizzly T-Shirt,Bearizona Wildlife Park,Tourism / Local Attraction,Williams,AZ,26.00,30.00,false,https://shirtmap.com/shirts/natural-habitat-grizzly-t-shirt,2026-07-30
"""Mind If I Crash Here?"" Alien Shirt - Dark Grey",Meteor Crater,Tourism / Local Attraction,Winslow,AZ,19.99,,false,https://shirtmap.com/shirts/mind-if-i-crash-here-alien-shirt-dark-grey,2026-07-27
Nelson IPA Tee,Alpine Beer Company,Brewery / Bar,Alpine,CA,20.00,,false,https://shirtmap.com/shirts/nelson-ipa-tee,2026-08-17
Classic Logo T-Shirt,Fieldwork Brewing Company,Brewery / Bar,Berkeley,CA,24.00,28.00,false,https://shirtmap.com/shirts/classic-logo-t-shirt,2026-08-23
Wild Horses Tee,Figueroa Mountain Brewing Co.,Brewery / Bar,Buellton,CA,27.00,,false,https://shirtmap.com/shirts/wild-horses-tee,2026-08-17
Island T-Shirt,Pizza Port Brewing Co.,Brewery / Bar,Carlsbad,CA,27.00,,false,https://shirtmap.com/shirts/2024-pizza-port-passport-tee,2026-06-18
Seafoam Carlsbad Tee,Burgeon Beer Company,Brewery / Bar,Carlsbad,CA,25.00,,false,https://shirtmap.com/shirts/seafoam-carlsbad-tee,2026-08-17
Old Chico T-Shirt,Sierra Nevada Brewing Co.,Brewery / Bar,Chico,CA,30.00,,false,https://shirtmap.com/shirts/old-chico-t-shirt,2026-08-17
Lost Coast Brewery Throwback T-Shirt,Lost Coast Brewery,Brewery / Bar,Eureka,CA,23.99,27.99,false,https://shirtmap.com/shirts/lost-coast-brewery-throwback-t-shirt,2026-08-19
Black ERB Logo Shirt,Eel River Brewing Co.,Brewery / Bar,Fortuna,CA,22.99,24.99,false,https://shirtmap.com/shirts/black-erb-logo-shirt,2026-08-23
Washington Dude S/S Tee - Limited Navy,Jack's Surfboards,Retail,Huntington Beach,CA,24.00,,false,https://shirtmap.com/shirts/men-s-tracker-t-shirt,2026-06-18
Thalia Surf Cyclone Mens Tee,Thalia Surf Shop,Retail,Laguna Beach,CA,36.95,,false,https://shirtmap.com/shirts/thalia-big-yellow-vintage-s-s-t-shirt,2026-06-18
Golden Road Vintage Palm Logo Chambray Tee,Golden Road Brewing,Brewery / Bar,Los Angeles,CA,30.00,,false,https://shirtmap.com/shirts/golden-road-vintage-palm-logo-chambray-tee,2026-08-17
Skylight Books T-Shirt by Jordan Crane,Skylight Books,Bookshop,Los Angeles,CA,27.00,,false,https://shirtmap.com/shirts/skylight-books-t-shirt-by-jordan-crane,2026-08-14
Timbones Baseball Tee,Highland Park Brewery,Brewery / Bar,Los Angeles,CA,29.00,,false,https://shirtmap.com/shirts/dragon-tee,2026-06-18
TLB T-Shirt,The Last Bookstore,Bookshop,Los Angeles,CA,28.00,,false,https://shirtmap.com/shirts/tlb-t-shirt,2026-08-19
Ojai Playhouse Long Sleeve Shirt,Ojai Playhouse,Event / Festival,Ojai,CA,40.00,,false,https://shirtmap.com/shirts/ojai-playhouse-long-sleeve-shirt,2026-08-03
Circle Logo Tee,Barrelhouse Brewing Co.,Brewery / Bar,Paso Robles,CA,26.00,,false,https://shirtmap.com/shirts/circle-logo-tee,2026-08-17
Firestone Walker Crest Tee,Firestone Walker Brewing Company,Brewery / Bar,Paso Robles,CA,30.00,,false,https://shirtmap.com/shirts/firestone-walker-crest-tee,2026-08-17
Live at Lagunitas Unisex Tee,Lagunitas Brewing Company,Brewery / Bar,Petaluma,CA,28.00,,false,https://shirtmap.com/shirts/live-at-lagunitas-unisex-tee,2026-08-17
.394 Square Logo Tee,AleSmith Brewing Company,Brewery / Bar,San Diego,CA,28.50,,false,https://shirtmap.com/shirts/394-square-logo-tee,2026-08-17
DH Western Shirt (2 colors),Dark Horse Coffee Roasters,Coffee Shop,San Diego,CA,29.99,,false,https://shirtmap.com/shirts/sunshine-scribe,2026-06-18
City Lights Classic T-Shirt,City Lights Booksellers,Bookshop,San Francisco,CA,20.00,,false,https://shirtmap.com/shirts/city-lights-classic-t-shirt,2026-08-19
The V60 Pin-Up Tee,Ritual Coffee Roasters,Coffee Shop,San Francisco,CA,28.00,,false,https://shirtmap.com/shirts/ritual-coffee-shop-shirt,2026-06-18
I Left My Beer In San Francisco T-Shirt,21st Amendment Brewery,Brewery / Bar,San Leandro,CA,28.00,,false,https://shirtmap.com/shirts/i-left-my-beer-in-san-francisco-t-shirt,2026-08-17
Santa Barbara Surf Shop Short Sleeve T-Shirt,Surf N' Wear's Beach House,Retail,Santa Barbara,CA,28.00,32.00,false,https://shirtmap.com/shirts/santa-barbara-surf-shop-short-sleeve-t-shirt,2026-08-04
Next Chapter Please T-Shirt,Zibby's Bookshop,Bookshop,Santa Monica,CA,55.00,,false,https://shirtmap.com/shirts/next-chapter-please-t-shirt,2026-08-19
Fantastic 3 Cities Tee,Monkish Brewing Co.,Brewery / Bar,Torrance,CA,31.00,,false,https://shirtmap.com/shirts/fantastic-3-cities-tee,2026-08-17
Smog Standard Tee,Smog City Brewing Co.,Brewery / Bar,Torrance,CA,30.00,,false,https://shirtmap.com/shirts/smog-city-logo-men-s-t-shirt,2026-06-18
Valley Original Tee - Black,Val Surf,Retail,Valley Village,CA,29.99,,false,https://shirtmap.com/shirts/valley-original-tee-black,2026-08-03
Topa Topa Logo Tee,Topa Topa Brewing Company,Brewery / Bar,Ventura,CA,25.00,,false,https://shirtmap.com/shirts/logo-tee,2026-08-17
Strawberry Blonde T-Shirt,Belching Beaver Brewery,Brewery / Bar,Vista,CA,25.00,,false,https://shirtmap.com/shirts/strawberry-blonde-t-shirt,2026-08-17
Men's Santa Cruz Surf Shop Classic Short Sleeve T-Shirt,Santa Cruz Surf Shop,Retail,Santa Cruz,California,25.75,,false,https://shirtmap.com/shirts/men-s-santa-cruz-surf-shop-classic-short-sleeve-t-shirt,2026-06-18
Bristol Unisex Pocket Tee,Bristol Brewing Company,Brewery / Bar,Colorado Springs,CO,25.00,,false,https://shirtmap.com/shirts/bristol-unisex-pocket-tee,2026-08-17
DBC Denver Stamp Short Sleeve Tee,Denver Beer Co,Brewery / Bar,Denver,CO,25.00,,false,https://shirtmap.com/shirts/dbc-denver-stamp-short-sleeve-tee,2026-08-17
Erlenmeyer Vase Tee,Cerebral Brewing,Brewery / Bar,Denver,CO,30.00,,false,https://shirtmap.com/shirts/erlenmeyer-vase-tee,2026-08-17
Great Minds Logo Tee,Great Divide Brewing Co.,Brewery / Bar,Denver,CO,25.00,,false,https://shirtmap.com/shirts/great-minds-logo-tee,2026-08-17
More Stingray Jesus Shirt,Our Mutual Friend Brewing,Brewery / Bar,Denver,CO,35.00,,false,https://shirtmap.com/shirts/more-stingray-jesus-shirt,2026-08-17
Station Script Tee,Station 26 Brewing,Brewery / Bar,Denver,CO,25.00,,false,https://shirtmap.com/shirts/station-script-tee,2026-08-17
Wax Trax - Food for the Audiophile T-Shirt Red/Yellow/Black,Wax Trax Records,Retail,Denver,CO,21.98,,false,https://shirtmap.com/shirts/wax-trax-food-for-the-audiophile-t-shirt-red-yellow-black,2026-08-03
Maria's Bookshop T-Shirt,Maria's Bookshop,Bookshop,Durango,CO,14.99,,false,https://shirtmap.com/shirts/maria-s-bookshop-t-shirt,2026-08-03
VVA x Lakes Rivers Streams - Trout Duo Tee - Men's,Vail Valley Anglers,Retail,Edwards,CO,29.95,,false,https://shirtmap.com/shirts/vva-x-lakes-rivers-streams-trout-duo-tee-men-s,2026-08-03
Iced Coffee Club Shirt,Kind Coffee,Coffee Shop,Estes Park,CO,25.00,,false,https://shirtmap.com/shirts/iced-coffee-club-shirt,2026-07-27
New Belgium 35th Anniversary Bike T-Shirt,New Belgium Brewing,Brewery / Bar,Fort Collins,CO,28.00,,false,https://shirtmap.com/shirts/new-belgium-35th-anniversary-bike-t-shirt,2026-08-17
2026 Unisex Race Crew Tee - Antique Denim,Leadville Race Series,Sports,Leadville,CO,28.00,,false,https://shirtmap.com/shirts/2026-unisex-race-crew-tee-antique-denim,2026-07-27
Pocket Logo Tee,Breckenridge Brewery,Brewery / Bar,Littleton,CO,30.00,,false,https://shirtmap.com/shirts/pocket-logo-tee,2026-08-17
LHB Mountain T-Shirt,Left Hand Brewing Company,Brewery / Bar,Longmont,CO,25.00,,false,https://shirtmap.com/shirts/lhb-mountain-t-shirt,2026-08-17
Badfish Storefront T-Shirt,Badfish SUP,Retail,Salida,CO,30.00,,false,https://shirtmap.com/shirts/badfish-storefront-t-shirt,2026-08-03
Frank Pepe Pizzeria T-Shirt,Frank Pepe Pizzeria Napoletana,Restaurant / Food & Drink,New Haven,Connecticut,25.00,,false,https://shirtmap.com/shirts/100-year-t-shirt,2026-06-19
Ted's Arc Logo T-Shirt - Black,Ted's Bar,Brewery / Bar,Storrs,Connecticut,24.00,,false,https://shirtmap.com/shirts/ted-s-arc-logo-t-shirt-black,2026-07-01
Willoughby's Logo Tee,Willoughby's Coffee & Tea,Coffee Shop,Branford,CT,12.99,,false,https://shirtmap.com/shirts/willoughby-s-logo-tee,2026-07-27
Athletic Brewing Logo T-Shirt,Athletic Brewing Company,Brewery / Bar,Stratford,CT,25.00,,false,https://shirtmap.com/shirts/athletic-brewing-logo-t-shirt,2026-08-17
BHO 2026 Striper Logo Long Sleeve T-Shirt,Black Hall Outfitters,Retail,Westbrook,CT,29.99,,false,https://shirtmap.com/shirts/bho-2026-striper-logo-long-sleeve-t-shirt,2026-08-03
Loyalty T-Shirt,Loyalty Bookstores,Bookshop,Washington,DC,20.00,,false,https://shirtmap.com/shirts/loyalty-t-shirt,2026-08-19
Original Oak Logo T-Shirt,Solid State Books,Bookshop,Washington,DC,23.00,,false,https://shirtmap.com/shirts/original-oak-logo-t-shirt,2026-08-19
P and P T-Shirt,Politics and Prose,Bookshop,Washington,DC,25.00,,false,https://shirtmap.com/shirts/p-and-p-t-shirt,2026-08-19
South to Somewhere Tee,Crooked Hammock Brewery,Brewery / Bar,Lewes,DE,27.99,,false,https://shirtmap.com/shirts/south-to-somewhere-tee,2026-08-03
Fern Core Logo Tee Shirt,Dogfish Head Craft Brewery,Brewery / Bar,Milton,DE,28.00,,false,https://shirtmap.com/shirts/fern-core-logo-tee-shirt,2026-08-17
"Adult Ship Tee, Teal",Kalmar Nyckel Foundation,Nonprofit,Wilmington,DE,28.00,,false,https://shirtmap.com/shirts/adult-ship-tee-teal,2026-07-27
Florida Flag T-Shirt,Barrel of Monks Brewing,Brewery / Bar,Boca Raton,FL,25.00,,false,https://shirtmap.com/shirts/florida-flag-t-shirt,2026-08-17
Got Crabs,Master Bait & Tackle,Retail,Bonita Springs,FL,22.95,25.95,false,https://shirtmap.com/shirts/got-crabs,2026-08-04
Delray Beach Umbrella Tee,Salt Water Brewery,Brewery / Bar,Delray Beach,FL,24.95,,false,https://shirtmap.com/shirts/delray-beach-umbrella-tee,2026-08-17
Round Logo Short-Sleeve T-Shirt,Suburban Coffee Company,Coffee Shop,Dunedin,FL,28.00,,false,https://shirtmap.com/shirts/round-logo-short-sleeve-t-shirt,2026-06-04
Innerlight Surf Co. Tee,Innerlight Surf Shop,Retail,Gulf Breeze,FL,22.99,,false,https://shirtmap.com/shirts/innerlight-surf-co-tee,2026-08-03
Robbie's Label T-Shirt,Robbie's of Islamorada,Retail,Islamorada,FL,27.99,,false,https://shirtmap.com/shirts/robbie-s-label-t-shirt,2026-08-03
Blueline Jupiter Shop T-Shirt - Washed White,Blueline Surf & Paddle Co.,Retail,Jupiter,FL,34.95,,false,https://shirtmap.com/shirts/blueline-jupiter-shop-t-shirt-washed-white,2026-06-18
Dante's Unisex T-Shirt,Dante's Key West,Restaurant / Food & Drink,Key West,FL,25.00,,false,https://shirtmap.com/shirts/dante-s-unisex-t-shirt,2026-08-03
Pepe's Pocket Tee,Pepe's Cafe Key West,Restaurant / Food & Drink,Key West,FL,26.95,28.95,false,https://shirtmap.com/shirts/limited-edition-pride-t-shirt-or-tank-top,2026-08-15
Classic Silver Moon T-Shirt,Silver Moon Drive-In,Event / Festival,Lakeland,FL,20.00,22.00,false,https://shirtmap.com/shirts/classic-silver-moon-t-shirt,2026-08-04
Sky Blue Coffee Snob T-Shirt,The Coffee Snob,Coffee Shop,Leesburg,FL,20.00,,false,https://shirtmap.com/shirts/sky-blue-coffee-snob-t-shirt,2026-06-18
Home of the Triple D Short Sleeve,The Tackle Box,Retail,Marathon,FL,20.00,22.00,false,https://shirtmap.com/shirts/home-of-the-triple-d-short-sleeve,2026-08-04
Greetings From Funky T-Shirt,Funky Buddha Brewery,Brewery / Bar,Oakland Park,FL,30.00,,false,https://shirtmap.com/shirts/greetings-from-funky-t-shirt,2026-06-04
Sundog Classic Logo Short Sleeve T-Shirt,Sundog Books,Bookshop,Santa Rosa Beach,FL,26.00,,false,https://shirtmap.com/shirts/sundog-classic-logo-short-sleeve-t-shirt,2026-08-19
Mote Marine Laboratory Logo Eco T-Shirt,Mote Marine Laboratory & Aquarium,Tourism / Local Attraction,Sarasota,FL,34.00,,false,https://shirtmap.com/shirts/mote-marine-laboratory-logo-eco-t-shirt,2026-08-03
Surf Station Swamp Men's S/S T-Shirt - Grey,Surf Station,Retail,St. Augustine,FL,19.84,,false,https://shirtmap.com/shirts/surf-station-swamp-men-s-s-s-t-shirt-grey,2026-08-03
Unisex Comfort Colors T-Shirt,The Bog Brewing Company,Brewery / Bar,St. Augustine,FL,25.00,27.00,false,https://shirtmap.com/shirts/unisex-comfort-colors-t-shirt,2026-08-13
3 Daughters Brewing Logo T-Shirt Unisex,3 Daughters Brewing,Brewery / Bar,St. Petersburg,FL,25.00,,false,https://shirtmap.com/shirts/3-daughters-brewing-logo-t-shirt-unisex,2026-08-17
Patrona Palm Short Sleeve T-Shirt,Patrona Coastal Cafe,Coffee Shop,St. Petersburg,FL,19.00,,false,https://shirtmap.com/shirts/patrona-palm-short-sleeve-t-shirt,2026-06-04
Classic City Light Tee,Creature Comforts Brewing Company,Brewery / Bar,Athens,GA,24.99,26.99,false,https://shirtmap.com/shirts/classic-city-light-tee,2026-08-18
Terrapin Red and Black Logo T-Shirt,Terrapin Beer Co.,Brewery / Bar,Athens,GA,19.99,,false,https://shirtmap.com/shirts/terrapin-red-and-black-logo-t-shirt,2026-08-17
"Old School Crew Neck, Blue",Fox Bros Bar-B-Q,Restaurant / Food & Drink,Atlanta,GA,25.00,,false,https://shirtmap.com/shirts/old-school-crew-neck-blue,2026-07-27
Plaza Theatre Shirt,Plaza Theatre,Event / Festival,Atlanta,GA,30.00,,false,https://shirtmap.com/shirts/plaza-theatre-shirt,2026-08-03
SweetWater Badge Tee,SweetWater Brewing Company,Brewery / Bar,Atlanta,GA,25.00,,false,https://shirtmap.com/shirts/sweetwater-badge-tee,2026-08-17
Charis T-shirt - Black,Charis Books & More,Bookshop,Decatur,GA,24.95,,false,https://shirtmap.com/shirts/charis-t-shirt-black,2026-07-27
Read Banned Books Tee,Brave + Kind Bookshop,Bookshop,Decatur,GA,28.00,,false,https://shirtmap.com/shirts/read-banned-books-tee,2026-08-19
Cone Shirt,Leopold's Ice Cream,Restaurant / Food & Drink,Savannah,GA,26.95,,false,https://shirtmap.com/shirts/cone-shirt,2026-07-27
E. Shaver Short Sleeve T-Shirt,E. Shaver Bookseller,Bookshop,Savannah,GA,26.00,,false,https://shirtmap.com/shirts/e-shaver-short-sleeve-t-shirt,2026-08-19
Savannah Comfort Colors T-Shirt,Service Brewing Co.,Brewery / Bar,Savannah,GA,25.00,,false,https://shirtmap.com/shirts/savannah-comfort-colors-t-shirt,2026-08-17
The Coffee Fox Tee,The Coffee Fox,Coffee Shop,Savannah,GA,24.95,,false,https://shirtmap.com/shirts/the-coffee-fox-tee,2026-07-27
Bookshelf Tee,The Bookshelf,Bookshop,Thomasville,GA,35.00,,false,https://shirtmap.com/shirts/bookshelf-tee,2026-08-03
Men's Original T-Shirt,Matsumoto Shave Ice,Restaurant / Food & Drink,Haleiwa,Hawaii,24.00,27.00,false,https://shirtmap.com/shirts/cafe-matsumoto-1951-t-shirt,2026-08-17
HIC Interval Short Sleeve Rooster Surf Shirt - HLB,Hawaiian Island Creations,Retail,Haleiwa,HI,43.00,,false,https://shirtmap.com/shirts/hic-interval-short-sleeve-rooster-surf-shirt-hlb,2026-08-03
Hanalei Surf Logo Tee Navy,Hanalei Surf Co.,Retail,Hanalei,HI,29.00,32.00,false,https://shirtmap.com/shirts/hanalei-surf-logo-tee-navy,2026-08-03
Kona Earth Black T-Shirt,Kona Earth,Restaurant / Food & Drink,Holualoa,HI,25.00,,false,https://shirtmap.com/shirts/kona-earth-black-t-shirt,2026-08-13
Cheap Shirt Black,Hungry Ear Records,Retail,Honolulu,HI,19.99,,false,https://shirtmap.com/shirts/cheap-shirt-black,2026-07-27
Blue DSM Pennant Tshirt,Des Moines Mercantile,Retail,Des Moines,IA,22.00,,false,https://shirtmap.com/shirts/blue-dsm-pennant-tshirt,2026-07-27
Classic Big Grove Tee,Big Grove Brewery,Brewery / Bar,Iowa City,IA,25.00,,false,https://shirtmap.com/shirts/classic-big-grove-tee,2026-08-17
Grey Logo T-Shirt,Riverside Theatre,Event / Festival,Iowa City,IA,18.00,,false,https://shirtmap.com/shirts/grey-logo-t-shirt,2026-08-03
Coffee & Plants Shirt w/Black Print,Boise Backyard Gardens,Artist / Creator,Boise,ID,18.00,22.00,false,https://shirtmap.com/shirts/coffee-plants-shirt-w-black-print,2026-08-03
Idaho Angler - Spey Logo/Boise Map Short Sleeve Shirt,Idaho Angler,Retail,Boise,ID,40.00,,false,https://shirtmap.com/shirts/idaho-angler-spey-logo-boise-map-short-sleeve-shirt,2026-08-03
Metro T-Shirt,The Record Exchange,Retail,Boise,ID,25.99,,false,https://shirtmap.com/shirts/metro-t-shirt,2026-07-27
Black Barbarian Brewing T-Shirt,Barbarian Brewing,Brewery / Bar,Garden City,Idaho,25.00,,false,https://shirtmap.com/shirts/black-barbarian-brewing-t-shirt,2026-07-11
Chicago Flag T-Shirt,Revolution Brewing,Brewery / Bar,Chicago,IL,25.00,,false,https://shirtmap.com/shirts/chicago-flag-t-shirt,2026-08-17
Cougars Primary Logo Unisex T-Shirt,Kane County Cougars,Sports,Geneva,IL,25.00,33.00,false,https://shirtmap.com/shirts/cougars-primary-logo-unisex-t-shirt,2026-07-30
BHBG Adult Black Tee,Joliet Slammers,Sports,Joliet,IL,34.99,,false,https://shirtmap.com/shirts/bhbg-adult-black-tee,2026-07-27
Barbecue is a Culture T-Shirt,17th Street Barbecue,Restaurant / Food & Drink,Murphysboro,IL,32.00,,false,https://shirtmap.com/shirts/barbecue-is-a-culture-t-shirt,2026-07-27
"T-Shirt, Brewery Logo Vintage Tie-Dye (Jamberry)",DESTIHL Brewery,Brewery / Bar,Normal,IL,25.00,,false,https://shirtmap.com/shirts/t-shirt-brewery-logo-vintage-tie-dye-jamberry,2026-08-03
Caveat Emptor Logo Shirt,Caveat Emptor,Retail,Bloomington,IN,25.00,,false,https://shirtmap.com/shirts/caveat-emptor-logo-shirt,2026-08-03
Nick's T-shirt - Crimson,Nick's English Hut,Restaurant / Food & Drink,Bloomington,IN,34.99,,false,https://shirtmap.com/shirts/nick-s-t-shirt-crimson,2026-08-03
Conjure Color Wheel Short-Sleeve Unisex T-Shirt,Conjure Coffee,Coffee Shop,Fort Wayne,IN,23.50,31.50,false,https://shirtmap.com/shirts/conjure-color-wheel-short-sleeve-unisex-t-shirt,2026-08-01
HI-FI Annex Logo T-Shirt,HI-FI Indy,Event / Festival,Indianapolis,IN,20.00,,false,https://shirtmap.com/shirts/hi-fi-annex-logo-t-shirt,2026-08-13
Peace Tee,Tinker Coffee Co.,Coffee Shop,Indianapolis,IN,35.00,,false,https://shirtmap.com/shirts/peace-tee,2026-07-27
Robert the Bruce Crest Tee,3 Floyds Brewing,Brewery / Bar,Munster,Indiana,30.00,,false,https://shirtmap.com/shirts/floyds-deluxe-black-shirt,2026-06-19
Retro Dino Tee-Black,Toppling Goliath Brewing Co.,Brewery / Bar,Decorah,Iowa,28.00,,false,https://shirtmap.com/shirts/tg-logo-tshirt-blue,2026-06-19
Gray Circle Logo T-Shirt,Free State Brewing Company,Brewery / Bar,Lawrence,Kansas,25.00,28.00,false,https://shirtmap.com/shirts/gray-circle-logo-t-shirt,2026-08-24
DEANZILLA t-shirt!,The Raven Book Store,Bookshop,Lawrence,KS,30.95,,false,https://shirtmap.com/shirts/deanzilla-t-shirt,2026-08-03
Wichita Vintage Air Capital T-Shirt,ICT Keepers,Retail,Wichita,KS,20.00,,false,https://shirtmap.com/shirts/wichita-vintage-air-capital-t-shirt,2026-07-27
Covington Maifest T-Shirt,Braxton Brewing Company,Brewery / Bar,Covington,KY,25.00,,false,https://shirtmap.com/shirts/covington-maifest-t-shirt,2026-08-17
The Bourbon Country Distillery Tee,The Kentucky Shop,Retail,Lexington,KY,28.00,,false,https://shirtmap.com/shirts/the-bourbon-country-distillery-tee,2026-07-27
West Sixth Logo Tee,West Sixth Brewing,Brewery / Bar,Lexington,KY,19.00,,false,https://shirtmap.com/shirts/west-sixth-logo-tee,2026-08-17
Carmichael's Short-Sleeve T-Shirt,Carmichael's Bookstore,Bookshop,Louisville,KY,18.95,,false,https://shirtmap.com/shirts/carmichael-s-short-sleeve-t-shirt,2026-08-03
Classic PTY on Black Shirt,Please & Thank You,Restaurant / Food & Drink,Louisville,KY,20.00,,false,https://shirtmap.com/shirts/classic-pty-on-black-shirt,2026-07-27
Sunergos T-Shirt,Sunergos Coffee,Coffee Shop,Louisville,KY,18.00,,false,https://shirtmap.com/shirts/sunergos-t-shirt,2026-07-27
CHB T-Shirt,Cavalier House Books,Bookshop,Denham Springs,LA,25.00,,false,https://shirtmap.com/shirts/chb-t-shirt,2026-08-19
Cubs the Poet x Congregation,Congregation Coffee,Coffee Shop,New Orleans,LA,25.00,,false,https://shirtmap.com/shirts/cubs-the-poet-x-congregation,2026-07-27
Ladies Relaxed Fit Logo Tee - Black,Tipitina's,Event / Festival,New Orleans,LA,30.00,,false,https://shirtmap.com/shirts/ladies-relaxed-fit-logo-tee-black,2026-07-27
Oversized Faded T-Shirt,Baldwin & Co.,Bookshop,New Orleans,LA,35.00,39.00,false,https://shirtmap.com/shirts/oversized-faded-t-shirt,2026-08-21
Boston Irish Stout T-Shirt,Harpoon Brewery,Brewery / Bar,Boston,MA,25.00,,false,https://shirtmap.com/shirts/boston-irish-stout-t-shirt,2026-08-17
Frosted SGC T Shirt,Solid Ground Cafe,Coffee Shop,Boston,MA,20.00,,false,https://shirtmap.com/shirts/frosted-sgc-t-shirt,2026-06-17
"F/V Bourne to Fish Train Bridge Tee | Bourne, MA",ShirtMap,Retail,Bourne,MA,20.00,,true,https://shirtmap.com/shirts/f-v-bourne-to-fish-train-bridge-tee-bourne-ma,2026-08-09
Lamp Pils Inspired Tee,Lamplighter Brewing Co.,Brewery / Bar,Cambridge,MA,35.00,,false,https://shirtmap.com/shirts/lamp-pils-inspired-tee,2026-08-17
Cape Cod Superhero Fish T-Shirt,ShirtMap,Retail,Cape Cod,MA,22.00,,true,https://shirtmap.com/shirts/cape-cod-superhero-fish-t-shirt,2026-08-09
Flock of Seagulls Tee,MOCEAN Surf Co.,Retail,Dennis,MA,30.00,,false,https://shirtmap.com/shirts/flock-of-seagulls-tee,2026-08-03
Jack's Abby Logo Dry Fit T-Shirt,Jack's Abby Craft Lagers,Brewery / Bar,Framingham,MA,20.00,,false,https://shirtmap.com/shirts/jack-s-abby-logo-dry-fit-t-shirt,2026-08-17
Nantucket Island Icon Outline T-Shirt,Cisco Brewers,Brewery / Bar,Nantucket,MA,38.00,,false,https://shirtmap.com/shirts/nantucket-island-icon-outline-t-shirt,2026-08-17
Classic Logo Men's Tri-Blend T-Shirt,Nauset Surf Shop,Retail,Orleans,MA,27.99,29.99,false,https://shirtmap.com/shirts/classic-logo-men-s-tri-blend-t-shirt,2026-08-24
Salem Short-Sleeve Tee,Apothecary 51,Retail,Sandwich,MA,28.00,,true,https://shirtmap.com/shirts/signature-skelly,2026-08-03
"Seagull Thief at Sandwich Boardwalk | Sandwich, MA",ShirtMap,Retail,Sandwich,MA,20.00,,true,https://shirtmap.com/shirts/seagull-thief-at-sandwich-boardwalk-sandwich-ma-2,2026-08-09
ICM Unisex Classic Tshirt,International Cryptozoology Museum,Museum,Bangor,Maine,25.00,,false,https://shirtmap.com/shirts/icm-unisex-classic-tshirt,2026-07-28
Word Scramble T-Shirt,DiMillo's On The Water,Restaurant / Food & Drink,Portland,Maine,28.00,,false,https://shirtmap.com/shirts/word-scramble-t-shirt,2026-07-01
Long Sleeve Shirt,Bite Into Maine,Restaurant / Food & Drink,South Portland,Maine,22.00,,false,https://shirtmap.com/shirts/long-sleeve-shirt,2026-07-01
Adult Unisex Breakfast Anytime T-Shirt,Maine Diner,Restaurant / Food & Drink,Wells,Maine,24.99,26.99,false,https://shirtmap.com/shirts/adult-unisex-boiled-dinner-t-shirt,2026-08-24
Black Rose Boston Original,The Black Rose,Brewery / Bar,Boston,Massachusetts,30.00,,false,https://shirtmap.com/shirts/black-rose-boston-original,2026-07-01
Saltie Girl T-Shirts,Saltie Girl,Restaurant / Food & Drink,Boston,Massachusetts,35.00,,false,https://shirtmap.com/shirts/saltie-girl-t-shirts,2026-07-01
Navy Damn Near Perfect Island Creek Boat T-Shirt,Island Creek Oysters,Restaurant / Food & Drink,Duxbury,Massachusetts,40.00,,false,https://shirtmap.com/shirts/navy-island-creek-shell-game-logo-t-shirt,2026-07-01
Large TShirt,Turner's Seafood,Restaurant / Food & Drink,Melrose,Massachusetts,20.00,,false,https://shirtmap.com/shirts/large-tshirt,2026-07-01
Comber Building Tee,The Wellfleet Beachcomber,Brewery / Bar,Wellfleet,Massachusetts,30.00,,false,https://shirtmap.com/shirts/oyster-tee-shirt,2026-07-01
Watermelon T-Shirt,Sea Street Pizza,Restaurant / Food & Drink,Weymouth,Massachusetts,25.00,,false,https://shirtmap.com/shirts/watermelon-t-shirt,2026-07-01
T-Shirts,Landfall Restaurant,Restaurant / Food & Drink,Woods Hole,Massachusetts,25.00,,false,https://shirtmap.com/shirts/t-shirts-2,2026-07-01
Forever Buddy T-Shirt,Atomic Books,Bookshop,Baltimore,MD,25.00,,false,https://shirtmap.com/shirts/forever-buddy-t-shirt,2026-08-21
40 Rides Short Sleeve Tee,Malibu's Surf Shop,Retail,Ocean City,MD,29.95,32.95,false,https://shirtmap.com/shirts/40-rides-short-sleeve-tee,2026-08-07
Adult T-Shirt with Original Logo,Thrasher's French Fries,Restaurant / Food & Drink,Ocean City,MD,24.99,,false,https://shirtmap.com/shirts/adult-t-shirt-with-original-logo,2026-07-27
OG Bonefish,Fish Tales,Restaurant / Food & Drink,Ocean City,MD,26.00,30.00,false,https://shirtmap.com/shirts/og-bonefish,2026-08-08
Atlantic Brewing Tee,Atlantic Brewing Company,Brewery / Bar,Bar Harbor,ME,26.99,,false,https://shirtmap.com/shirts/atlantic-brewing-tee,2026-08-17
Bar Harbor Oyster Co. T-Shirt,Bar Harbor Oyster Co.,Restaurant / Food & Drink,Bar Harbor,ME,30.00,,false,https://shirtmap.com/shirts/bar-harbor-oyster-co-t-shirt,2026-07-28
Stacked Logo Tee,Maine Beer Company,Brewery / Bar,Freeport,ME,15.00,,false,https://shirtmap.com/shirts/stacked-logo-tee-2,2026-08-17
Sebago Distressed Logo Tee,Sebago Brewing Company,Brewery / Bar,Gorham,ME,20.00,,false,https://shirtmap.com/shirts/sebago-distressed-logo-tee,2026-08-17
Crew Logo T,The Clam Shack,Restaurant / Food & Drink,Kennebunkport,ME,27.95,32.95,false,https://shirtmap.com/shirts/crew-logo-t,2026-08-17
Bob's T Shirt - Navy Heather with Red,Bob's Clam Hut,Restaurant / Food & Drink,Kittery,ME,24.95,,false,https://shirtmap.com/shirts/bob-s-t-shirt-grey-heather-with-blue,2026-06-17
Original Design Men's Kittery Trading Post Black Moose Short-Sleeve T-Shirt,Kittery Trading Post,Retail,Kittery,ME,22.99,,false,https://shirtmap.com/shirts/original-design-men-s-kittery-trading-post-black-moose-short-sleeve-t-shirt,2026-06-17
Allagash Pocket Tee,Allagash Brewing Company,Brewery / Bar,Portland,ME,28.00,,false,https://shirtmap.com/shirts/allagash-pocket-tee,2026-08-14
Duckfat Flagship T-Shirt,Duckfat,Restaurant / Food & Drink,Portland,ME,25.00,,false,https://shirtmap.com/shirts/duckfat-flagship-t-shirt,2026-07-27
Green Hand Bookshop T-Shirt,Green Hand Bookshop,Bookshop,Portland,ME,20.95,,false,https://shirtmap.com/shirts/green-hand-bookshop-t-shirt,2026-08-08
Portland Cityscape T-shirt,Shipyard Brewing Company,Brewery / Bar,Portland,ME,25.00,,false,https://shirtmap.com/shirts/portland-cityscape-t-shirt,2026-08-17
Read Books Tee,Print: A Bookstore,Bookshop,Portland,ME,21.99,,false,https://shirtmap.com/shirts/read-books-tee,2026-08-03
Red Pocket Logo Tee,Bissell Brothers,Brewery / Bar,Portland,ME,28.00,,false,https://shirtmap.com/shirts/winter-logo-tee,2026-06-17
The Holy Donut Logo Tee,The Holy Donut,Restaurant / Food & Drink,Portland,ME,27.50,,false,https://shirtmap.com/shirts/the-holy-donut-logo-tee,2026-06-04
SBT Custom Logo Tee,Saco Bay Tackle,Retail,Saco,ME,19.99,,false,https://shirtmap.com/shirts/sbt-custom-logo-tee,2026-08-03
Death or Glory Club T-Shirt,Death or Glory Tattoos,Salon / Barber,Westbrook,ME,32.00,,false,https://shirtmap.com/shirts/death-or-glory-club-t-shirt,2026-07-27
Literati Logo Black Unisex T-shirt,Literati Bookstore,Bookshop,Ann Arbor,MI,24.00,,false,https://shirtmap.com/shirts/literati-logo-black-unisex-t-shirt,2026-07-27
Short's Official Logo Tee,Short's Brewing Company,Brewery / Bar,Bellaire,MI,24.95,26.95,false,https://shirtmap.com/shirts/short-s-official-logo-tee,2026-08-22
Doud's Market Youth T-Shirt,Doud's Market,Retail,Mackinac Island,MI,19.00,,false,https://shirtmap.com/shirts/doud-s-market-youth-t-shirt,2026-08-03
USCG Grand Traverse Light Station T-Shirt,Grand Traverse Lighthouse Museum,Tourism / Local Attraction,Northport,MI,23.95,,false,https://shirtmap.com/shirts/uscg-grand-traverse-light-station-t-shirt,2026-08-03
TART T-Shirt Unisex - Green,TART Trails,Nonprofit,Traverse City,MI,20.00,,false,https://shirtmap.com/shirts/tart-t-shirt-unisex-green,2026-07-27
Bell's Logo Short Sleeve Tee - Black,Bell's Brewery,Brewery / Bar,Kalamazoo,Michigan,25.00,,false,https://shirtmap.com/shirts/bell-s-logo-short-sleeve-tee-black,2026-06-19
Support Your Local Brewery Tee - Black,Surly Brewing Co.,Brewery / Bar,Minneapolis,Minnesota,30.00,,false,https://shirtmap.com/shirts/support-your-local-brewery-tee-black,2026-06-19
Classic Brewery Seal Tee,Boulevard Brewing Company,Brewery / Bar,Kansas City,Missouri,27.95,,false,https://shirtmap.com/shirts/beer-tackle-tee,2026-06-19
BWCA Topo T-Shirt,Frost River,Retail,Duluth,MN,30.00,35.00,false,https://shirtmap.com/shirts/bwca-topo-t-shirt,2026-08-24
Cheers To The Good Life Brewhouse Logo T-Shirt,Fitger's Brewhouse,Brewery / Bar,Duluth,MN,25.00,,false,https://shirtmap.com/shirts/cheers-to-the-good-life-brewhouse-logo-t-shirt,2026-08-17
Duluth Pack Short Sleeved Logo T-Shirt,Duluth Pack,Retail,Duluth,MN,25.00,,false,https://shirtmap.com/shirts/duluth-pack-short-sleeved-logo-t-shirt,2026-08-03
Navy Logo Coordinates Tee,Voyageur Brewing Company,Brewery / Bar,Grand Marais,MN,23.00,,false,https://shirtmap.com/shirts/navy-logo-coordinates-tee,2026-08-17
Charcoal Logo Tee,Indeed Brewing Company,Brewery / Bar,Minneapolis,MN,20.00,,false,https://shirtmap.com/shirts/charcoal-logo-tee,2026-08-17
Reading Sloth Black T-Shirt,Moon Palace Books,Bookshop,Minneapolis,MN,25.00,,false,https://shirtmap.com/shirts/reading-sloth-black-t-shirt,2026-08-19
Stillwater Cheers T-Shirt,Lift Bridge Brewing Company,Brewery / Bar,Stillwater,MN,25.00,,false,https://shirtmap.com/shirts/stillwater-cheers-t-shirt,2026-08-17
Classic Logo Tee,Castle Danger Brewery,Brewery / Bar,Two Harbors,MN,25.00,,false,https://shirtmap.com/shirts/classic-logo-tee-3,2026-08-17
Ragtag Cinema T-Shirt,Ragtag Cinema,Nonprofit,Columbia,MO,25.00,,false,https://shirtmap.com/shirts/ragtag-cinema-t-shirt,2026-07-27
Mills Baseball Text T,Mills Record Company,Retail,Kansas City,MO,24.00,,false,https://shirtmap.com/shirts/mills-baseball-text-t,2026-07-27
Side Project Logo T-Shirt,Side Project Brewing,Brewery / Bar,Maplewood,MO,25.00,,false,https://shirtmap.com/shirts/side-project-logo-t-shirt,2026-08-17
LBB Coat of Arms T-Shirt,Left Bank Books,Bookshop,Saint Louis,MO,25.00,,false,https://shirtmap.com/shirts/lbb-coat-of-arms-t-shirt,2026-08-19
"Blueprint ""Papel Picado"" Illustrated T-Shirt",Blueprint Coffee,Coffee Shop,St. Louis,MO,25.50,,false,https://shirtmap.com/shirts/blueprint-papel-picado-illustrated-t-shirt,2026-08-13
Skull Baseball Tee,Big Sky Brewing Company,Brewery / Bar,Missoula,Montana,35.00,,false,https://shirtmap.com/shirts/blue-eyed-dog-tee,2026-08-13
B.B. King Museum Tee,B.B. King Museum,Tourism / Local Attraction,Indianola,MS,22.99,26.99,false,https://shirtmap.com/shirts/b-b-king-museum-tee,2026-08-02
Jackson Flag Tee,Swell-O-Phonic,Retail,Jackson,MS,23.00,,false,https://shirtmap.com/shirts/jackson-flag-tee,2026-07-27
Square Books T-Shirt,Square Books,Bookshop,Oxford,MS,20.00,,false,https://shirtmap.com/shirts/square-books-t-shirt,2026-07-28
Black Coffee Album Cover Cotton T-shirt,Black Coffee Roasting Company,Coffee Shop,Missoula,MT,37.00,,false,https://shirtmap.com/shirts/black-coffee-album-cover-cotton-t-shirt,2026-08-13
Strip'n Flywear River Art Fly Fishing T-Shirt,The Missoulian Angler Fly Shop,Retail,Missoula,MT,34.95,,false,https://shirtmap.com/shirts/strip-n-flywear-river-art-fly-fishing-t-shirt,2026-08-03
BRF Yellowstone Cutthroat S/S Tee,Blue Ribbon Flies,Retail,West Yellowstone,MT,34.95,,false,https://shirtmap.com/shirts/brf-yellowstone-cutthroat-s-s-tee,2026-08-03
Grey Vintage Logo Tee,Wicked Weed Brewing,Brewery / Bar,Asheville,NC,24.99,25.99,false,https://shirtmap.com/shirts/grey-vintage-logo-tee,2026-08-19
Heather Irish Green T-shirt,Green Man Brewery,Brewery / Bar,Asheville,NC,35.00,,false,https://shirtmap.com/shirts/heather-irish-green-t-shirt,2026-08-17
Hi-Wire Oversized Tee,Hi-Wire Brewing,Brewery / Bar,Asheville,NC,25.00,,false,https://shirtmap.com/shirts/hi-wire-oversized-tee,2026-08-17
I Got Too Much Shirt,Malaprop's Bookstore/Cafe,Bookshop,Asheville,NC,30.00,,false,https://shirtmap.com/shirts/i-got-too-much-shirt,2026-08-03
Spring Asheville Logo Tee,Burial Beer Co.,Brewery / Bar,Asheville,NC,25.00,,false,https://shirtmap.com/shirts/spring-asheville-logo-tee,2026-08-17
The Hop Double Scoop Unisex T-shirt,The Hop Ice Cream Cafe,Restaurant / Food & Drink,Asheville,NC,25.00,28.50,false,https://shirtmap.com/shirts/the-hop-double-scoop-unisex-t-shirt,2026-07-30
Center 45 Cropped Tee,Center 45,Gym / Fitness,Boone,NC,20.00,,false,https://shirtmap.com/shirts/center-45-cropped-tee,2026-07-27
Flyleaf Bird Logo Short-Sleeved Tee,Flyleaf Books,Bookshop,Chapel Hill,NC,24.00,,false,https://shirtmap.com/shirts/flyleaf-bird-logo-short-sleeved-tee,2026-08-03
Lightning Drops Shirt,Resident Culture Brewing,Brewery / Bar,Charlotte,NC,30.00,,false,https://shirtmap.com/shirts/lightning-drops-shirt,2026-08-17
NoDa Logo T-Shirt,NoDa Brewing Company,Brewery / Bar,Charlotte,NC,21.00,,false,https://shirtmap.com/shirts/noda-logo-t-shirt,2026-08-17
OMB Biergarten T-Shirt,Olde Mecklenburg Brewery,Brewery / Bar,Charlotte,NC,25.00,,false,https://shirtmap.com/shirts/omb-biergarten-t-shirt,2026-08-17
Park Road Books T Shirts,Park Road Books,Bookshop,Charlotte,NC,30.00,,false,https://shirtmap.com/shirts/park-road-books-t-shirts,2026-08-03
Regulator T-Shirt,The Regulator Bookshop,Bookshop,Durham,NC,18.00,,false,https://shirtmap.com/shirts/regulator-t-shirt,2026-08-19
2026 Grandfather Mountain Highland Games T-Shirt,Grandfather Mountain Highland Games,Event / Festival,Linville,NC,25.00,,false,https://shirtmap.com/shirts/2026-grandfather-mountain-highland-games-t-shirt,2026-07-27
OG Glow Short Sleeve Tee,Whalebone Surf Shop,Retail,Nags Head,NC,34.00,36.00,false,https://shirtmap.com/shirts/og-glow-short-sleeve-tee,2026-08-08
SS Tshirt Distress Dot,Secret Spot Surf Shop,Retail,Nags Head,NC,22.95,,false,https://shirtmap.com/shirts/ss-tshirt-distress-dot,2026-07-27
Hatteras Jack T-Shirts Dolphin Logo Unisex,Hatteras Jack,Retail,Rodanthe,NC,24.99,,false,https://shirtmap.com/shirts/hatteras-jack-t-shirts-dolphin-logo-unisex,2026-08-03
Crystal Wash Oyster Logo T-Shirt,Wrightsville Beach Brewery,Brewery / Bar,Wilmington,NC,28.00,,false,https://shirtmap.com/shirts/crystal-wash-oyster-logo-t-shirt,2026-08-17
Fargo 1871 T-Shirt Denim Blue,Lost in Fargo,Retail,Fargo,ND,25.00,,false,https://shirtmap.com/shirts/fargo-1871-t-shirt-denim-blue,2026-07-27
SS Shirt | Classic Logo | Black,Mill Coffee & Tea,Coffee Shop,Lincoln,NE,21.95,,false,https://shirtmap.com/shirts/ss-shirt-classic-logo-black,2026-08-03
Grapefruit Records Black T-Shirt,Grapefruit Records,Retail,Omaha,NE,19.00,,false,https://shirtmap.com/shirts/grapefruit-records-black-t-shirt,2026-07-27
Great Plains + Great Coffee T-Shirt,Hardy Coffee Co.,Coffee Shop,Omaha,NE,25.00,,false,https://shirtmap.com/shirts/great-plains-great-coffee-t-shirt,2026-07-27
Husker Football T-Shirt,Runza,Restaurant / Food & Drink,Lincoln,Nebraska,17.00,,false,https://shirtmap.com/shirts/husker-football-t-shirt,2026-06-18
Live Free or Die Men's T-Shirt w/State Outline,The Common Man,Restaurant / Food & Drink,Ashland,New Hampshire,21.95,,false,https://shirtmap.com/shirts/live-free-or-die-men-s-t-shirt-w-state-outline,2026-07-01
"NHMS ""Blackout"" Tee",New Hampshire Motor Speedway,Sports,Loudon,New Hampshire,35.00,,false,https://shirtmap.com/shirts/nhms-blackout-tee,2026-07-01
Classic Muddy Moose Grey T-Shirt,Muddy Moose Restaurant & Pub,Restaurant / Food & Drink,North Conway,New Hampshire,22.00,,false,https://shirtmap.com/shirts/classic-muddy-moose-grey-t-shirt,2026-08-13
Follow the Gull Tee,Cape May Brewing Company,Brewery / Bar,Cape May,New Jersey,27.00,,false,https://shirtmap.com/shirts/women-s-cape-may-v-neck-tee,2026-07-20
Katz's Takeout T-Shirt,Katz's Delicatessen,Restaurant / Food & Drink,New York,New York,30.00,,false,https://shirtmap.com/shirts/katz-s-takeout-t-shirt,2026-06-19
Lake Life Unisex T-Shirt,Hobbs Brewing Company,Brewery / Bar,Center Ossipee,NH,30.00,,false,https://shirtmap.com/shirts/hbco-classic-logo-tee-unisex-charcoal,2026-07-01
Schilling Classic T-Shirt - Charcoal,Schilling Beer Co.,Brewery / Bar,Littleton,NH,25.00,,false,https://shirtmap.com/shirts/schilling-classic-t-shirt-charcoal,2026-06-17
The Mineral Wash Tee - Vintage Indigo,Lahout's,Retail,Littleton,NH,35.00,,false,https://shirtmap.com/shirts/the-joe-lahout,2026-06-17
Limited Edition LT T-Shirt - Cardinal,Liquid Therapy Brewery & Grill,Brewery / Bar,Nashua,NH,23.00,25.00,false,https://shirtmap.com/shirts/limited-edition-lt-t-shirt-cardinal,2026-08-03
America's 250th Anniversary Eagle T-Shirt (Green),Zeb's General Store,Retail,North Conway,NH,29.95,,false,https://shirtmap.com/shirts/america-s-250th-anniversary-eagle-t-shirt-green,2026-08-03
Red Iron Mike Tee,Moat Mountain Brewing Company,Brewery / Bar,North Conway,NH,25.00,,false,https://shirtmap.com/shirts/czech-pils-tee,2026-06-17
Royal T-Shirt,Woodstock Inn Brewery,Brewery / Bar,North Woodstock,NH,25.00,27.00,false,https://shirtmap.com/shirts/royal-t-shirt,2026-08-21
Rep Short Sleeve T-Shirt,Seacoast Repertory Theatre,Event / Festival,Portsmouth,NH,29.50,,false,https://shirtmap.com/shirts/rep-short-sleeve-t-shirt,2026-08-03
I've Read Books T-Shirt,WORD Bookstore,Bookshop,Jersey City,NJ,20.00,,false,https://shirtmap.com/shirts/i-ve-read-books-t-shirt,2026-08-03
Surf Spots of Jersey Shore - Only NJ Tee,Surf & Sun Shoppe,Retail,Manasquan,NJ,25.99,30.99,false,https://shirtmap.com/shirts/surf-spots-of-jersey-shore-only-nj-tee,2026-08-08
Icon Logo Tee,Kane Brewing Company,Brewery / Bar,Ocean Township,NJ,26.00,,false,https://shirtmap.com/shirts/icon-logo-tee,2026-08-17
Jack's Classic T-Shirt (unisex) Black,Jack's Music Shoppe,Retail,Red Bank,NJ,14.99,16.99,false,https://shirtmap.com/shirts/jack-s-classic-t-shirt-unisex-black,2026-08-07
Fish Heads LBI Lighthouse T-Shirt,Fisherman's Headquarters,Retail,Ship Bottom,NJ,24.99,28.99,false,https://shirtmap.com/shirts/fish-heads-lbi-lighthouse-t-shirt,2026-08-07
Bookworks Logo T-Shirt,Bookworks,Bookshop,Albuquerque,NM,19.99,,false,https://shirtmap.com/shirts/bookworks-logo-t-shirt,2026-07-27
ICONIK Reinas de la Acequia Dive Team Baseball Tee,Iconik Coffee Roasters,Coffee Shop,Santa Fe,NM,40.00,,false,https://shirtmap.com/shirts/iconik-reinas-de-la-acequia-dive-team-baseball-tee,2026-07-27
NMX Standard T-Shirt,Santa Fe Brewing Co.,Brewery / Bar,Santa Fe,NM,35.00,,false,https://shirtmap.com/shirts/nmx-standard-t-shirt,2026-08-17
League - TFS Logo Tee (Victory Falls),Taos Fly Shop,Retail,Taos,NM,29.99,,false,https://shirtmap.com/shirts/league-tfs-logo-tee-victory-falls,2026-08-03
Compass Tee,Highland Brewing,Brewery / Bar,Asheville,North Carolina,30.00,,false,https://shirtmap.com/shirts/avl-skater-tee-men-s-cut,2026-07-20
Capriola Saddles Tee,J.M. Capriola Co.,Retail,Elko,NV,29.95,,false,https://shirtmap.com/shirts/capriola-saddles-tee,2026-07-27
Goddess 2025 Shirt,Vesta Coffee Roasters,Coffee Shop,Las Vegas,NV,32.00,,false,https://shirtmap.com/shirts/goddess-2025-shirt,2026-07-27
The Mob Museum I Know A Guy T-Shirt,The Mob Museum,Tourism / Local Attraction,Las Vegas,NV,30.00,,false,https://shirtmap.com/shirts/the-mob-museum-i-know-a-guy-t-shirt,2026-08-03
Recycled Records Shop Girl Tee,Recycled Records,Retail,Reno,NV,30.00,,false,https://shirtmap.com/shirts/recycled-records-shop-girl-tee,2026-07-27
Brooklyn Brewery Big Logo Tee,Brooklyn Brewery,Brewery / Bar,Brooklyn,NY,15.00,,false,https://shirtmap.com/shirts/brooklyn-brewery-big-logo-tee,2026-08-17
Greenlight Logo Shirt,Greenlight Bookstore,Bookshop,Brooklyn,NY,24.95,,false,https://shirtmap.com/shirts/greenlight-logo-shirt,2026-08-19
Triangle Logo Tee,Threes Brewing,Brewery / Bar,Brooklyn,NY,20.00,,false,https://shirtmap.com/shirts/triangle-logo-tee,2026-08-17
Unsound Surf Shaka Tee,unsOund Surf,Retail,Long Beach,NY,39.00,,false,https://shirtmap.com/shirts/unsound-surf-shaka-tee,2026-08-03
Sacred Rose Tee,Kings Avenue Tattoo,Salon / Barber,Massapequa,NY,20.10,,false,https://shirtmap.com/shirts/sacred-rose-tee,2026-08-03
Montauk Pocket Tee,Montauk Brewing Company,Brewery / Bar,Montauk,NY,35.00,,false,https://shirtmap.com/shirts/montauk-pocket-tee,2026-08-17
Navy 18 Miles T-Shirt,Strand Book Store,Bookshop,New York,NY,29.95,,false,https://shirtmap.com/shirts/navy-18-miles-t-shirt,2026-08-19
Ringer Tee,The Drama Book Shop,Bookshop,New York,NY,30.00,,false,https://shirtmap.com/shirts/ringer-tee,2026-08-19
Yu & Me T-Shirt,Yu and Me Books,Bookshop,New York,NY,25.00,,false,https://shirtmap.com/shirts/yu-me-t-shirt,2026-08-19
Sunset Tee,Phoenicia Diner,Restaurant / Food & Drink,Phoenicia,NY,30.00,,false,https://shirtmap.com/shirts/sunset-tee,2026-08-03
Drink Rochester Tee,Genesee Brewing Company,Brewery / Bar,Rochester,NY,25.00,,false,https://shirtmap.com/shirts/drink-rochester-tee,2026-08-17
Gramercy T-Shirt,Gramercy Books,Bookshop,Bexley,OH,25.00,,false,https://shirtmap.com/shirts/gramercy-t-shirt,2026-08-03
T-Shirt - Mayfield Road Drive-In Theater,Mayfield Road Drive-In Theater,Event / Festival,Chardon,OH,30.95,,false,https://shirtmap.com/shirts/t-shirt-mayfield-road-drive-in-theater,2026-08-03
MadTree Arch Logo Tee,MadTree Brewing,Brewery / Bar,Cincinnati,OH,28.00,,false,https://shirtmap.com/shirts/madtree-arch-logo-tee,2026-08-17
Rhinegeist Sports Club T-Shirt,Rhinegeist Brewery,Brewery / Bar,Cincinnati,OH,30.00,,false,https://shirtmap.com/shirts/rhinegeist-sports-club-t-shirt,2026-08-17
Cafe T-Shirt (Deep Purple Ink),Rising Star Coffee Roasters,Coffee Shop,Cleveland,OH,25.00,,false,https://shirtmap.com/shirts/cafe-t-shirt-deep-purple-ink,2026-07-27
Fra-GEE-lay Leg Lamp Tee - Heather Grey,A Christmas Story House,Tourism / Local Attraction,Cleveland,OH,24.99,29.99,false,https://shirtmap.com/shirts/fra-gee-lay-leg-lamp-tee-heather-grey,2026-07-31
Book Loft Special Edition T-shirt,The Book Loft,Bookshop,Columbus,OH,24.99,,false,https://shirtmap.com/shirts/book-loft-special-edition-t-shirt,2026-07-30
North Market 150th Barn Tee - Black with White Logo,North Market,Tourism / Local Attraction,Columbus,OH,25.00,,false,https://shirtmap.com/shirts/north-market-150th-barn-tee-black-with-white-logo,2026-07-27
Pops Building T-Shirt,POPS,Retail,Arcadia,OK,29.99,,false,https://shirtmap.com/shirts/pops-building-t-shirt,2026-07-27
Guestroom Records T Shirt,Guestroom Records,Retail,Norman,OK,15.00,,false,https://shirtmap.com/shirts/guestroom-records-t-shirt,2026-08-13
I Heart Oklahoma Tee,Shop Good,Retail,Oklahoma City,OK,32.00,,false,https://shirtmap.com/shirts/i-heart-oklahoma-tee,2026-07-27
T-Shirt | Classic,Cain's Ballroom,Event / Festival,Tulsa,OK,20.00,,false,https://shirtmap.com/shirts/t-shirt-classic,2026-07-27
Black Fort Tee,Fort George Brewery,Brewery / Bar,Astoria,OR,25.00,,false,https://shirtmap.com/shirts/black-fort-tee,2026-08-17
Buoy Logo Tee,Buoy Beer Company,Brewery / Bar,Astoria,OR,20.00,,false,https://shirtmap.com/shirts/buoy-logo-tee,2026-08-17
Boneyard Logo Tee,Boneyard Beer,Brewery / Bar,Bend,OR,25.00,,false,https://shirtmap.com/shirts/boneyard-logo-tee,2026-08-17
Stacked Logo Tee,10 Barrel Brewing Co.,Brewery / Bar,Bend,OR,25.00,,false,https://shirtmap.com/shirts/stacked-logo-tee,2026-08-17
Cleanline #45 T-Shirt,Cleanline Surf,Retail,Cannon Beach,OR,18.87,,false,https://shirtmap.com/shirts/cleanline-45-t-shirt,2026-07-27
Eugene Emeralds One-Color Primary T-Shirt,Eugene Emeralds,Sports,Eugene,OR,20.00,,false,https://shirtmap.com/shirts/eugene-emeralds-one-color-primary-t-shirt,2026-07-27
GFS Men's Logo T-Shirt - Black,Gorge Fly Shop,Retail,Hood River,OR,24.95,,false,https://shirtmap.com/shirts/gfs-men-s-logo-t-shirt-black,2026-08-03
pFriem Tropical Hazy IPA Tee,pFriem Family Brewers,Brewery / Bar,Hood River,OR,22.00,,false,https://shirtmap.com/shirts/pfriem-tropical-hazy-ipa-tee,2026-08-17
Rebel Heart T-Shirt,Rebel Heart Books,Bookshop,Jacksonville,OR,25.00,,false,https://shirtmap.com/shirts/rebel-heart-t-shirt,2026-08-19
Abominable T-Shirt,Hopworks Urban Brewery,Brewery / Bar,Portland,OR,30.00,,false,https://shirtmap.com/shirts/abominable-t-shirt,2026-08-17
Books Save Lives,Broadway Books,Bookshop,Portland,OR,20.00,,false,https://shirtmap.com/shirts/books-save-lives,2026-08-19
Classic Logo Tee,Great Notion Brewing,Brewery / Bar,Portland,OR,22.00,,false,https://shirtmap.com/shirts/classic-logo-tee-2,2026-08-17
Powell's P Icon Tee,Powell's Books,Bookshop,Portland,OR,30.00,,false,https://shirtmap.com/shirts/powell-s-p-icon-tee,2026-08-19
Swamp Feelings T-Shirt,Tired Hands Brewing Company,Brewery / Bar,Ardmore,PA,25.00,,false,https://shirtmap.com/shirts/swamp-feelings-t-shirt,2026-08-17
Circle Drive-In Unisex Heavy Cotton Tee,Circle Drive-In,Event / Festival,Dickson City,PA,26.86,33.24,false,https://shirtmap.com/shirts/circle-drive-in-unisex-heavy-cotton-tee,2026-08-07
Doylestown & Lahaska Bookshops Cat Tee Shirt,Doylestown Bookshop,Bookshop,Doylestown,PA,20.00,,false,https://shirtmap.com/shirts/doylestown-lahaska-bookshops-cat-tee-shirt,2026-08-05
Repo Records 90's Throwback Tee (beige),Repo Records,Retail,Lansdowne,PA,20.00,,false,https://shirtmap.com/shirts/repo-records-90-s-throwback-tee-beige,2026-07-27
Adult Logo T-Shirt,Philadelphia's Magic Gardens,Tourism / Local Attraction,Philadelphia,PA,25.00,,false,https://shirtmap.com/shirts/adult-logo-t-shirt,2026-07-27
ANI Spicy Mustard T-Shirt,A Novel Idea,Bookshop,Philadelphia,PA,25.00,,false,https://shirtmap.com/shirts/ani-spicy-mustard-t-shirt,2026-08-19
World Cup Welcome Tee,Yards Brewing Company,Brewery / Bar,Philadelphia,PA,22.00,,false,https://shirtmap.com/shirts/world-cup-welcome-tee,2026-08-17
Levante Hop Fleur Logo T-Shirt,Levante Brewing Company,Brewery / Bar,West Chester,PA,27.00,,false,https://shirtmap.com/shirts/levante-hop-fleur-logo-t-shirt,2026-08-17
Grillin' & Chillin' T-Shirt (Melon),Chomp Kitchen and Drinks,Restaurant / Food & Drink,Providence,Rhode Island,32.00,,false,https://shirtmap.com/shirts/grillin-chillin-t-shirt-melon,2026-07-01
Rogue Island Anchor Fork Yellow,Rogue Island Provisions,Restaurant / Food & Drink,Providence,Rhode Island,35.00,,false,https://shirtmap.com/shirts/rogue-island-og-rooster,2026-07-01
Iggy’s RI Novelty T-Shirt Unisex,Iggy's RI,Restaurant / Food & Drink,Warwick,Rhode Island,22.00,,false,https://shirtmap.com/shirts/iggy-s-ri-novelty-t-shirt-unisex,2026-07-24
LSM Official T-Shirt,Living Sharks Museum,Tourism / Local Attraction,Westerly,Rhode Island,35.00,,false,https://shirtmap.com/shirts/lsm-official-t-shirt,2026-07-01
Tight Lines Surfcasting Club,The Saltwater Edge,Retail,Middletown,RI,34.99,,false,https://shirtmap.com/shirts/saltwater-edge-hybrid-tee,2026-07-01
Twin Palms SS Tee (Emerald),Warm Winds Surf Co.,Retail,Narragansett,RI,32.00,,false,https://shirtmap.com/shirts/flex-fish-ss-tee-ice-blue,2026-06-17
Charter Books Title Page V-Neck T-Shirt,Charter Books,Bookshop,Newport,RI,25.00,,false,https://shirtmap.com/shirts/charter-books-title-page-v-neck-t-shirt,2026-08-03
Narragansett Rhode Island Hi Neighbor Tee,Narragansett Beer,Brewery / Bar,Providence,RI,24.99,,false,https://shirtmap.com/shirts/narragansett-rhode-island-hi-neighbor-tee,2026-08-17
Rhode Island Coffee Milk T-Shirt,Dave's Coffee,Coffee Shop,Providence,RI,30.00,32.00,false,https://shirtmap.com/shirts/rhode-island-coffee-milk-t-shirt,2026-08-17
Marquee Tee (Green),Rhode Island Surf Co.,Retail,Westerly,RI,37.95,,false,https://shirtmap.com/shirts/marquee-tee-green,2026-08-03
Charleston Coffee Roasters T-Shirt,Charleston Coffee Roasters,Coffee Shop,Charleston,SC,20.00,,false,https://shirtmap.com/shirts/charleston-coffee-roasters-t-shirt,2026-07-27
Books Are The Answer Shirt,M. Judson Booksellers,Bookshop,Greenville,SC,29.95,,false,https://shirtmap.com/shirts/books-are-the-answer-shirt,2026-08-19
Classic Logo Tee,Methodical Coffee,Coffee Shop,Greenville,SC,33.00,,false,https://shirtmap.com/shirts/classic-logo-tee,2026-07-27
Coffee Truck Tee,Coffea Roasterie,Coffee Shop,Sioux Falls,SD,33.00,,false,https://shirtmap.com/shirts/coffee-truck-tee,2026-07-27
Dakota Angler Underwood Logo T-Shirt,Dakota Angler & Outfitter,Retail,Sioux Falls,SD,29.95,,false,https://shirtmap.com/shirts/dakota-angler-underwood-logo-t-shirt,2026-08-03
Red Pocket Tee,Hattie B's Hot Chicken,Restaurant / Food & Drink,Nashville,Tennessee,30.00,,false,https://shirtmap.com/shirts/hattie-b-s-nashville-tee,2026-08-16
Tricolor Logo T-Shirt (Navy),Chattanooga FC,Sports,Chattanooga,TN,24.99,29.99,false,https://shirtmap.com/shirts/tricolor-logo-t-shirt-navy,2026-07-31
Men's Long Sleeve Shirt,Blue Bank Resort,Retail,Hornbeak,TN,29.99,,false,https://shirtmap.com/shirts/men-s-long-sleeve-shirt,2026-08-03
Green Script Logo Tee,Yee-Haw Brewing Company,Brewery / Bar,Johnson City,TN,24.99,,false,https://shirtmap.com/shirts/green-script-logo-tee,2026-08-17
White Bijou T-Shirt,Bijou Theatre,Event / Festival,Knoxville,TN,25.00,,false,https://shirtmap.com/shirts/white-bijou-t-shirt,2026-08-03
Goner T-Shirt - Classic,Goner Records,Retail,Memphis,TN,19.99,29.99,false,https://shirtmap.com/shirts/goner-t-shirt-classic,2026-07-31
Black Logo Tee,Parnassus Books,Bookshop,Nashville,TN,24.00,,false,https://shirtmap.com/shirts/black-logo-tee,2026-08-19
Cafe Illustration Tee,Loveless Cafe,Restaurant / Food & Drink,Nashville,TN,24.00,,false,https://shirtmap.com/shirts/cafe-illustration-tee,2026-08-03
Grimey's Beaver Shirt,Grimey's New & Preloved Music,Retail,Nashville,TN,21.99,,false,https://shirtmap.com/shirts/grimey-s-beaver-shirt,2026-08-13
Jackalope Logo Tee,Jackalope Brewing Company,Brewery / Bar,Nashville,TN,25.00,,false,https://shirtmap.com/shirts/jackalope-logo-tee,2026-08-17
Roping T-shirt,Big Bend Saddlery,Trades,Alpine,TX,29.95,,false,https://shirtmap.com/shirts/roping-t-shirt,2026-07-27
Keep Austin Weird Tie Dye T-Shirt,BookPeople,Bookshop,Austin,TX,26.95,,false,https://shirtmap.com/shirts/keep-austin-weird-tie-dye-t-shirt,2026-08-19
Rainbow Paradise Tee,Meanwhile Brewing Co.,Brewery / Bar,Austin,TX,32.00,,false,https://shirtmap.com/shirts/rainbow-paradise-tee,2026-08-17
Texas Jack Logo T-Shirt,Texas Jack's Wild West Outfitters,Retail,Fredericksburg,TX,20.95,,false,https://shirtmap.com/shirts/texas-jack-logo-t-shirt,2026-07-27
Blue Willow Bookshop T-Shirt,Blue Willow Bookshop,Bookshop,Houston,TX,25.00,,false,https://shirtmap.com/shirts/blue-willow-bookshop-t-shirt,2026-08-19
KBC Long Horn Houston Olive Shirt,Karbach Brewing Co.,Brewery / Bar,Houston,TX,30.00,,false,https://shirtmap.com/shirts/kbc-long-horn-houston-olive-shirt,2026-08-17
Classic Kreuz Tee,Kreuz Market,Restaurant / Food & Drink,Lockhart,TX,25.00,,false,https://shirtmap.com/shirts/classic-kreuz-tee,2026-07-27
Ballroom Throwback T-shirt,Ballroom Marfa,Nonprofit,Marfa,TX,30.00,,false,https://shirtmap.com/shirts/ballroom-throwback-t-shirt,2026-07-27
La Barba Logo T-Shirt,La Barba Coffee,Coffee Shop,Draper,UT,30.00,,false,https://shirtmap.com/shirts/la-barba-logo-t-shirt,2026-07-27
Fisher Classic Text Tee,Fisher Brewing Company,Brewery / Bar,Salt Lake City,UT,20.00,,false,https://shirtmap.com/shirts/fisher-classic-text-tee,2026-08-17
Milosport Ruff Washed Skull T Shirt,Milosport,Retail,Salt Lake City,UT,31.99,,false,https://shirtmap.com/shirts/milosport-ruff-washed-skull-t-shirt,2026-08-03
Hometown T's,Uinta Brewing,Brewery / Bar,Salt Lake City,Utah,22.00,,false,https://shirtmap.com/shirts/hometown-t-s,2026-06-19
OMP Percy the Dragon T-Shirt - BLUE,One More Page Books,Bookshop,Arlington,VA,28.99,,false,https://shirtmap.com/shirts/omp-percy-the-dragon-t-shirt-blue,2026-08-03
White Navy Logo Tee,Three Notch'd Brewing Company,Brewery / Bar,Charlottesville,VA,25.00,,false,https://shirtmap.com/shirts/white-navy-logo-tee,2026-08-17
Adroit Theory Metal Logo T-Shirt,Adroit Theory Brewing,Brewery / Bar,Purcellville,VA,29.25,31.75,false,https://shirtmap.com/shirts/adroit-theory-metal-logo-t-shirt,2026-08-19
Better in Richmond Ringer Tee,Studio Two Three,Artist / Creator,Richmond,VA,25.00,,false,https://shirtmap.com/shirts/better-in-richmond-ringer-tee,2026-07-27
Scatter Seal T-Shirt,Vasen Brewing Company,Brewery / Bar,Richmond,VA,25.00,28.00,false,https://shirtmap.com/shirts/scatter-seal-t-shirt,2026-08-18
World of Mirth 30th Anniversary Tee,World of Mirth,Retail,Richmond,VA,22.00,,false,https://shirtmap.com/shirts/world-of-mirth-30th-anniversary-tee,2026-07-27
Classic T-shirt,Rappahannock Oyster Co.,Restaurant / Food & Drink,Topping,VA,25.00,,false,https://shirtmap.com/shirts/classic-t-shirt,2026-07-27
Dusk Patrol S/S T-Shirt,Wave Riding Vehicles,Retail,Virginia Beach,VA,24.95,,false,https://shirtmap.com/shirts/dusk-patrol-s-s-t-shirt,2026-08-03
Pete Smith's Surf Shop Tee,Coastal Edge Surf Shop,Retail,Virginia Beach,VA,24.99,26.99,false,https://shirtmap.com/shirts/pete-smith-s-surf-shop-tee,2026-08-05
Round Logo Tee,Alewerks Brewing Company,Brewery / Bar,Williamsburg,VA,19.95,,false,https://shirtmap.com/shirts/round-logo-tee,2026-08-17
tillerman tee - adults,The Tillerman Inn & Restaurant,Restaurant / Food & Drink,Bristol,Vermont,35.00,,false,https://shirtmap.com/shirts/tillerman-tee-adults,2026-07-01
Grass is Always Greener,Common Deer,Retail,Burlington,Vermont,35.00,,false,https://shirtmap.com/shirts/vermont-cows-t-shirt,2026-07-01
Inline Long Sleeve T-Shirt,Magic Mountain Ski Area,Sports,Londonderry,Vermont,30.00,,false,https://shirtmap.com/shirts/inline-long-sleeve-t-shirt,2026-07-01
Classic Stowe Swish Tee Shirt,Stowe Mercantile,Retail,Stowe,Vermont,24.00,,false,https://shirtmap.com/shirts/green-stowe-vermont-t-shirt,2026-07-01
CHCM Ol' Blue Adult T-Shirt,Cold Hollow Cider Mill,Restaurant / Food & Drink,Waterbury Center,Vermont,22.95,,false,https://shirtmap.com/shirts/chcm-ol-blue-adult-t-shirt,2026-07-01
Port&Co Vermont T-Shirt,Weston Village Store,Retail,Weston,Vermont,19.99,24.99,false,https://shirtmap.com/shirts/port-co-vermont-t-shirt,2026-08-24
Beenanza Small Farms Big Flavor Peppers T-Shirt,Butterfly Bakery of Vermont,Restaurant / Food & Drink,Barre,VT,27.00,,false,https://shirtmap.com/shirts/beenanza-small-farms-big-flavor-peppers-t-shirt,2026-08-13
Unisex T-shirt,Rockingham Roasters,Coffee Shop,Bellows Falls,VT,20.00,,false,https://shirtmap.com/shirts/unisex-t-shirt,2026-06-17
Long Trail Baseball Shirt,Long Trail Brewing Co.,Brewery / Bar,Bridgewater Corners,VT,34.00,,false,https://shirtmap.com/shirts/long-trail-baseball-shirt,2026-08-17
Foam Brewers Classic Logo T-Shirt,Foam Brewers,Brewery / Bar,Burlington,VT,25.00,,false,https://shirtmap.com/shirts/foam-brewers-classic-logo-t-shirt,2026-06-17
BK NRD Tee,Vermont Book Shop,Bookshop,Middlebury,VT,24.00,,false,https://shirtmap.com/shirts/bk-nrd-tee,2026-08-03
Lawson's Finest VT Tee,Lawson's Finest Liquids,Brewery / Bar,Waitsfield,VT,20.00,,false,https://shirtmap.com/shirts/lawson-s-finest-vt-tee,2026-08-17
Crank Tee,Fanatik Bike Co.,Retail,Bellingham,WA,27.00,,false,https://shirtmap.com/shirts/crank-tee,2026-07-27
Mind Over Mountains Tee,Mt. Baker Ski Area,Tourism / Local Attraction,Bellingham,WA,29.99,,false,https://shirtmap.com/shirts/mind-over-mountains-tee,2026-07-30
Varietal Supremo Espresso T-Shirt,Camano Island Coffee Roasters,Coffee Shop,Camano Island,WA,24.95,,false,https://shirtmap.com/shirts/varietal-supremo-espresso-t-shirt,2026-07-27
Ballard Black Logo Tee,Stoup Brewing,Brewery / Bar,Seattle,WA,20.00,,false,https://shirtmap.com/shirts/ballard-black-logo-tee,2026-08-17
Elliott Bay Classic Logo T-Shirt,Elliott Bay Book Company,Bookshop,Seattle,WA,19.95,,false,https://shirtmap.com/shirts/elliott-bay-classic-logo-t-shirt,2026-08-19
Motion: OG Motion Logo T-Shirt,Motion Boardshop,Retail,Seattle,WA,18.00,,false,https://shirtmap.com/shirts/motion-og-motion-logo-t-shirt,2026-08-03
Slave to the Needle Shop Shirt,Slave to the Needle,Salon / Barber,Seattle,WA,40.00,45.00,false,https://shirtmap.com/shirts/slave-to-the-needle-shop-shirt,2026-08-04
NCI 40th Anniversary T-Shirt,North Cascades Institute,Nonprofit,Sedro-Woolley,WA,24.95,,false,https://shirtmap.com/shirts/nci-40th-anniversary-t-shirt,2026-07-27
No-Li Classic Black Hex Tee,No-Li Brewhouse,Brewery / Bar,Spokane,WA,25.00,,false,https://shirtmap.com/shirts/no-li-classic-black-hex-tee,2026-08-17
Good Beer T-Shirt (Unisex),Lucky Envelope Brewing,Brewery / Bar,Seattle,Washington,20.00,,false,https://shirtmap.com/shirts/good-beer-t-shirt-unisex,2026-06-19
2 Stages 1 Sky Blue TShirt,Northern Sky Theater,Event / Festival,Fish Creek,WI,25.00,,false,https://shirtmap.com/shirts/2-stages-1-sky-blue-tshirt,2026-08-03
Cornflower Blue Room Shirt,Room of One's Own,Retail,Madison,WI,26.00,,false,https://shirtmap.com/shirts/cornflower-blue-room-shirt,2026-08-03
Strictly Discs - Nice Price Shirt,Strictly Discs,Retail,Madison,WI,34.99,,false,https://shirtmap.com/shirts/strictly-discs-nice-price-shirt,2026-07-27
Boswell Storefront Tee Shirt,Boswell Book Company,Bookshop,Milwaukee,WI,24.95,,false,https://shirtmap.com/shirts/boswell-storefront-tee-shirt,2026-08-03
Lakefront Concert Tee,Lakefront Brewery,Brewery / Bar,Milwaukee,WI,20.00,,false,https://shirtmap.com/shirts/lakefront-logo-tee,2026-08-17
Ruby Run Club Tee,Ruby Coffee Roasters,Coffee Shop,Stevens Point,WI,25.00,,false,https://shirtmap.com/shirts/ruby-run-club-tee,2026-07-27
Howie's Tackle Logo T-Shirt - Macciato,Howie's Tackle,Retail,Sturgeon Bay,WI,23.99,,false,https://shirtmap.com/shirts/howie-s-tackle-logo-t-shirt-macciato,2026-08-03
Spotted Cow T-Shirt,New Glarus Brewing Company,Brewery / Bar,New Glarus,Wisconsin,18.50,,false,https://shirtmap.com/shirts/bubbler-t-shirt,2026-06-19
WV Barrel Pocket T-Shirt,Smooth Ambler Spirits,Brewery / Bar,Maxwelton,WV,25.00,28.00,false,https://shirtmap.com/shirts/wv-barrel-pocket-t-shirt,2026-08-07
Mothman Stole my Catalytic Converter Tee (Army Green),Mothman Museum,Tourism / Local Attraction,Point Pleasant,WV,25.00,,false,https://shirtmap.com/shirts/mothman-stole-my-catalytic-converter-tee-army-green,2026-07-27
Brown Trout Pattern Tee,Fly Fish Wyoming,Retail,Casper,WY,29.00,,false,https://shirtmap.com/shirts/brown-trout-pattern-tee,2026-08-03
Moose NMWA Unisex Tees,National Museum of Wildlife Art,Tourism / Local Attraction,Jackson,WY,27.99,,false,https://shirtmap.com/shirts/moose-nmwa-unisex-tees,2026-08-03
Sip It and Rip It! T-Shirt,Cowboy Coffee Co.,Coffee Shop,Jackson,WY,29.95,,false,https://shirtmap.com/shirts/sip-it-and-rip-it-t-shirt,2026-07-27
Grey BT Orange Logo,Black Tooth Brewing Company,Brewery / Bar,Sheridan,Wyoming,30.00,35.00,false,https://shirtmap.com/shirts/grey-307-bison-logo-tee,2026-08-03
